Harness_Link,Harness_Brand,Harness_Name,Harness_Price,Harness_Color
https://www.backcountry.com/camp-usa-energy-nova-harness-cmpj174,CAMP USA,Energy Nova Harness - Women's,37.46,Grey
https://www.backcountry.com/camp-usa-energy-cr-harness,CAMP USA,Energy CR Harness,24.98,Gray
https://www.backcountry.com/black-diamond-momentum-harness-womens,Black Diamond,Momentum Harness - Women's,64.95,Aqua Verde
https://www.backcountry.com/mammut-sender-fast-adjust-harness,Mammut,Sender Fast Adjust Harness,84.00,Highway/Safety Orange
https://www.backcountry.com/camp-usa-energy-harness,CAMP USA,Energy Harness,49.95,Blue
https://www.backcountry.com/camp-usa-energy-cr-3-harness,CAMP USA,Energy CR 3 Harness,49.95,Grey
https://www.backcountry.com/black-diamond-momentum-speed-adjust-harness-mens,Black Diamond,Momentum Harness - Men's,64.95,Anthracite
https://www.backcountry.com/black-diamond-momentum-4s-harness,Black Diamond,Momentum 4S Harness,69.95,N/A
https://www.backcountry.com/black-diamond-solution-harness-mens-bld00i0,Black Diamond,Solution Harness,59.96,Black/Slate
https://www.backcountry.com/edelrid-jayne-harness-womens-elr000m,Edelrid,Jayne Harness - Women's,69.95,Rose
https://www.backcountry.com/mammut-4-slide-climing-harness,Mammut,4 Slide Climbing Harness,60.00,Dark Ceramic
https://www.backcountry.com/black-diamond-momentum-3s-harness-womens,Black Diamond,Momentum 3S Harness - Women's,69.95,Bordeaux
https://www.backcountry.com/petzl-sama-harness-mens,Petzl,Sama Harness,79.95,Gray
https://www.backcountry.com/black-diamond-solution-harness-mens,Black Diamond,Solution Harness,79.95,Astral Blue
https://www.backcountry.com/camp-usa-flint-harness-mens,CAMP USA,Flint Harness,57.95,Red
https://www.backcountry.com/camp-usa-energy-cr-4-harness,CAMP USA,Energy CR 4 Harness,54.95,Grey
https://www.backcountry.com/petzl-corax-ii-harness-mens,Petzl,Corax Harness,69.95,Blue
https://www.backcountry.com/black-diamond-zone-harness-womens-bld00mz,Black Diamond,Zone Harness - Women's,59.97,Dark Caspian/Black
https://www.backcountry.com/petzl-selena-harness-womens,Petzl,Selena Harness - Women's,79.95,Violet
https://www.backcountry.com/edelrid-jay-harness,Edelrid,Jay Harness - Men's,55.96,Wasabi
https://www.backcountry.com/black-diamond-big-gun-harness,Black Diamond,Big Gun Harness,110.46,Tequila Gold
https://www.backcountry.com/mad-rock-venus-4.0-harness-womens,Mad Rock,Venus 4.0 Harness - Women's,58.95,Dark Blue
https://www.backcountry.com/mammut-comfort-knit-fast-adjust-harness-mens,Mammut,Comfort Knit Fast Adjust Harness - Men's,103.97,Black/Safety Orange
https://www.backcountry.com/petzl-hirundos-harness-mens,Petzl,Hirundos Harness,99.95,Orange
https://www.backcountry.com/black-diamond-airnet-harness-mens,Black Diamond,AirNet Harness - Men's,169.95,Black/White
https://www.backcountry.com/black-diamond-solution-harness-mens-honnold-edition,Black Diamond,Solution Honnold Edition Harness - Men's,89.95,Verde
https://www.backcountry.com/wild-country-session-harness-womens,Wild Country,Session Harness - Women's,89.95,Aquifer/Orange
https://www.backcountry.com/mammut-ophir-3-slide-harness-mens-mam003j,Mammut,Ophir 3 Slide Harness,70.00,Black/Marble
https://www.backcountry.com/petzl-adjama-harness-mens,Petzl,Adjama Harness,89.95,Blue
https://www.backcountry.com/petzl-corax-lt-harness-womens,Petzl,Corax LT Harness - Women's,64.95,Turquoise
https://www.backcountry.com/metolius-safe-tech-all-around-harness,Metolius,Safe Tech All-Around Harness,129.95,Black
https://www.backcountry.com/black-diamond-long-haul-harness,Black Diamond,Long Haul Harness,139.95,One Color
https://www.backcountry.com/black-diamond-solution-harness-womens,Black Diamond,Solution Harness - Women's,79.95,Pewter
https://www.backcountry.com/mammut-sender-harness,Mammut,Sender Harness,100.00,Safety Orange
https://www.backcountry.com/wild-country-session-harness-mens,Wild Country,Session Harness - Men's,89.95,Alloro/Orange
https://www.backcountry.com/black-diamond-solution-babsi-edition-harness-womens,Black Diamond,Solution Babsi Edition Harness - Women's,79.95,Cherrywood
https://www.backcountry.com/mammut-ophir-4-slide-harness-mens-mam003l,Mammut,Ophir 4 Slide Harness,80.00,Black/Safety Orange
https://www.backcountry.com/petzl-luna-harness-womens,Petzl,Luna Harness - Women's,89.95,Violet
https://www.backcountry.com/camp-usa-energy-nova-harness,CAMP USA,Energy Nova Harness - Women's,49.95,One Color
https://www.backcountry.com/misty-mountain-turbo-harness,Misty Mountain,Turbo Harness,119.95,One Color
https://www.backcountry.com/blue-ice-cuesta-harness,Blue Ice,Cuesta Harness,85.95,Chocolate
https://www.backcountry.com/petzl-aquila-harness,Petzl,Aquila Harness,119.95,Black
https://www.backcountry.com/mammut-ophira-3-slide-harness-womens,Mammut,Ophira 3 Slide Harness - Women's,69.95,Whisper/Dark Gentian
https://www.backcountry.com/mammut-togir-3-slide-harness-womens,Mammut,Togir 3 Slide Harness - Women's,79.80,Blood Red
https://www.backcountry.com/mammut-comfort-fast-adjust-harness-womens,Mammut,Comfort Fast Adjust Harness - Women's,139.95,Shark/Safety Orange
https://www.backcountry.com/black-diamond-solution-guide-harness-mens,Black Diamond,Solution Guide Harness - Men's,84.96,Alloy
https://www.backcountry.com/petzl-altitude-harness,Petzl,Altitude Harness,89.95,White/Orange
https://www.backcountry.com/petzl-hirundos-harness-mens-ptz007k,Petzl,Hirundos Harness,99.95,Orange
https://www.backcountry.com/black-diamond-zone-harness-womens,Black Diamond,Zone Harness - Women's,99.95,Octane
https://www.backcountry.com/black-diamond-momentum-3s-harness-mens,Black Diamond,Momentum 3S Harness - Men's,69.95,Midnight
https://www.backcountry.com/black-diamond-technician-harness-recco,Black Diamond,Technician Recco Harness,99.95,Alloy
https://www.backcountry.com/petzl-corax-lt-harness,Petzl,Corax LT Harness,64.95,Blue
https://www.backcountry.com/mad-rock-venus-harness-4.0-deluxe-climbing-package,Mad Rock,Venus Harness 4.0 Deluxe Climbing Package,98.95,Dark Blue
https://www.backcountry.com/metolius-safe-tech-deluxe-harness-mens,Metolius,Safe Tech Deluxe Harness - Men's,139.95,Black
https://www.backcountry.com/black-diamond-technician-harness-mens,Black Diamond,Technician Harness,89.95,Storm Blue
https://www.backcountry.com/metolius-safe-tech-trad-harness,Metolius,Safe Tech Trad Harness,139.95,One Color
https://www.backcountry.com/petzl-macchu-harness-kids,Petzl,Macchu Harness - Kids',54.95,Blue
https://www.backcountry.com/black-diamond-zone-harness-mens,Black Diamond,Zone Harness,99.95,Sulphur
https://www.backcountry.com/wild-country-mosquito-harness,Wild Country,Mosquito Harness,109.95,Black/White
https://www.backcountry.com/blue-ice-cuesta-harness-womens,Blue Ice,Cuesta Harness - Women's,85.95,Decadent Chocolate
https://www.backcountry.com/wild-country-flow-harness-mens,Wild Country,Flow Harness - Men's,59.95,Detroit Blue/Citronelle
https://www.backcountry.com/edelrid-sendero-harness,Edelrid,Sendero Harness,89.95,Lapis
https://www.backcountry.com/beal-phantom-climbing-harness-mens,Beal,Phantom Climbing Harness,69.95,Black / Green
https://www.backcountry.com/metolius-safe-tech-waldo-harness,Metolius,Safe Tech Waldo Harness,149.95,Black
https://www.backcountry.com/edelrid-sirana-harness,Edelrid,Sirana Harness,79.95,Salsa
https://www.backcountry.com/beal-ghost-harness,Beal,Ghost Harness,109.99,One Color
https://www.backcountry.com/black-diamond-bod-harness,Black Diamond,Bod Harness,59.95,Assorted
https://www.backcountry.com/black-diamond-momentum-harness-kids,Black Diamond,Momentum Harness - Kids',49.95,Kingfisher
https://www.backcountry.com/black-diamond-solution-guide-harness-womens,Black Diamond,Solution Guide Harness - Women's,99.95,Coral
https://www.backcountry.com/camp-usa-impulse-cr-harness,CAMP USA,Impulse CR Harness,109.95,Blue
https://www.backcountry.com/black-diamond-airnet-harness-womens,Black Diamond,AirNet Harness - Women's,169.95,Black/Aqua Verde
https://www.backcountry.com/mammut-togir-3-slide-harness-mens,Mammut,Togir 3 Slide Harness,79.80,Marine
https://www.backcountry.com/edelrid-moe-iii-harness,Edelrid,Moe III Harness,64.95,Marine
https://www.backcountry.com/metolius-safe-tech-deluxe-harness-womens,Metolius,Safe Tech Deluxe Harness - Women's,139.95,Blue
https://www.backcountry.com/petzl-corax-harness-kit,Petzl,Corax Harness Kit,174.95,One Color
https://www.backcountry.com/metolius-safe-tech-comp-harness,Metolius,Safe Tech Comp Harness - Men's,129.95,One Color
https://www.backcountry.com/edelrid-helios-harness,Edelrid,Helios Harness,139.95,Light Grey
https://www.backcountry.com/blue-ice-cuesta-adjustable-harness,Blue Ice,Cuesta Adjustable Harness,105.95,India Ink
https://www.backcountry.com/edelrid-helia-harness,Edelrid,Helia Harness,139.95,Icemint
https://www.backcountry.com/petzl-canyon-harness-protective-seat-cover,Petzl,Canyon Harness Protective Seat Cover,49.95,Black
https://www.backcountry.com/ocun-neon-3-harness,Ocun,Neon 3 Harness,89.95,One Color
https://www.backcountry.com/beal-ellipse-xt-harness,Beal,Ellipse XT Harness,99.95,One Color
https://www.backcountry.com/black-diamond-momentum-full-body-harness-kids,Black Diamond,Momentum Full Body Harness - Kids',69.95,Azul
https://www.backcountry.com/mammut-eiger-nordwand-harness,Mammut,Eiger Nordwand Harness,109.95,White
https://www.backcountry.com/petzl-pandion-harness-mens,Petzl,Pandion Harness,59.95,One Color
https://www.backcountry.com/petzl-simba-full-body-harness-kids,Petzl,Simba Full Body Harness - Kids',64.95,One Color
https://www.backcountry.com/petzl-ouistiti-childrens-climbing-harness,Petzl,Ouistiti Full Body Climbing Harness - Kids',69.95,Blue
https://www.backcountry.com/black-diamond-technician-harness-womens,Black Diamond,Technician Harness - Women's,89.95,Blue Note
https://www.backcountry.com/edelrid-autana-harness,Edelrid,Autana Harness - Women's,89.95,Jade
https://www.backcountry.com/ocun-neon-climbing-harness,Ocun,Neon Climbing Harness,79.95,Green
https://www.backcountry.com/black-diamond-couloir-3s-harness,Black Diamond,Couloir 3S Harness,69.95,Alloy/Black
https://www.backcountry.com/petzl-canyon-guide-harness,Petzl,Canyon Guide Harness,249.95,Black
https://www.backcountry.com/camp-usa-alpine-flash-harness,CAMP USA,Alpine Flash Harness,79.95,One Color
https://www.backcountry.com/petzl-canyon-club-harness,Petzl,Canyon Club Harness,109.95,Black
https://www.backcountry.com/mad-rock-mars-harness-4.0-deluxe-climbing-package,Mad Rock,Mars Harness 4.0 Deluxe Climbing Package,98.95,Red
https://www.backcountry.com/edelrid-ace-ii-harness,Edelrid,Ace Harness,129.95,Neon Green
https://www.backcountry.com/petzl-voltige-climbing-harness-mens,Petzl,Voltige Climbing Harness,64.95,One Color
https://www.backcountry.com/ocun-webee-move-harness,Ocun,WeBee Move Harness,63.71,One Color
https://www.backcountry.com/ocun-neon-3-harness-womens,Ocun,Neon 3 Harness - Women's,89.95,Pink
https://www.backcountry.com/petzl-body-harness-kids,Petzl,Body Harness - Kids',29.95,Blue
https://www.backcountry.com/edelrid-loopo-lite-harness,Edelrid,Loopo Lite Harness,84.95,Light Grey
https://www.backcountry.com/black-diamond-alpine-bod-harness,Black Diamond,Alpine Bod Harness,49.95,Black
https://www.backcountry.com/ocun-webee-bigwall-climbing-harness-kids,Ocun,Webee Bigwall Climbing Harness,109.95,Grey/Black
https://www.backcountry.com/petzl-fly-alpine-harness,Petzl,Fly Alpine Harness,99.95,White/Black
https://www.backcountry.com/edelrid-prisma-guide-alpine-harness,Edelrid,Prisma Guide Alpine Harness,99.95,Light Grey
https://www.backcountry.com/blue-ice-choucas-light-harness,Blue Ice,Choucas Light Harness,79.95,Black Iris
https://www.backcountry.com/black-diamond-couloir-harness,Black Diamond,Couloir Harness,89.95,Ultra Blue/Black
https://www.backcountry.com/blue-ice-choucas-harness-mens,Blue Ice,Choucas Harness,69.95,One Color
https://www.backcountry.com/blue-ice-addax-harness-mens,Blue Ice,Addax Harness,109.95,Blue
https://www.backcountry.com/black-diamond-vario-chest-harness,Black Diamond,Vario Chest Harness,49.95,Black
https://www.backcountry.com/mammut-zephir-altitude-harness,Mammut,Zephir Altitude Harness,90.00,Cliff/White
https://www.backcountry.com/petzl-tour-harness,Petzl,Tour Harness,59.95,Blue/Silver
https://www.backcountry.com/black-diamond-vision-harness,Black Diamond,Vision Harness,174.95,White
https://www.backcountry.com/black-diamond-couloir-lt-harness,Black Diamond,Couloir LT Harness,79.95,Crimson/Black
https://www.backcountry.com/blue-ice-choucas-pro-harness-mens,Blue Ice,Choucas Pro Harness,105.95,Blue
https://www.backcountry.com/mammut-eiger-speed-harness,Mammut,Eiger Speed Harness,79.95,White
https://www.backcountry.com/trango-anti-gravity-harness,Trango,Anti-Gravity Harness,94.95,Silver
https://www.backcountry.com/black-diamond-couloir-ultralight-harness,Black Diamond,Couloir Ultralight Harness,99.95,White/Black
