Chalk_Link,Chalk_Brand,Chalk_Name,Chalk_Price
https://www.backcountry.com/black-diamond-uncut-white-gold-pure-chalk,Black Diamond,White Gold Uncut Pure Chalk,7.95
https://www.backcountry.com/petzl-power-crunch-chalk,Petzl,Power Crunch Chalk,9.95
https://www.backcountry.com/camp-usa-re-chalk,CAMP USA,Re-Chalk,6.95
https://www.backcountry.com/black-diamond-black-gold-loose-chalk,Black Diamond,Black Gold Loose Chalk,12.95
https://www.backcountry.com/mammut-chalk-powder-mam01gs,Mammut,Chalk Powder,8.00
https://www.backcountry.com/black-diamond-eco-gold-honnold-edition-chalk,Black Diamond,Eco Gold Honnold Edition Chalk,37.95
https://www.backcountry.com/black-diamond-pure-gold-chalk,Black Diamond,Pure Gold Chalk,5.95
https://www.backcountry.com/black-diamond-mondo-chalk-pot,Black Diamond,Mondo Chalk Pot,29.95
https://www.backcountry.com/metolius-super-chalk,Metolius,Super Chalk,4.95
https://www.backcountry.com/black-diamond-chalk-reserve,Black Diamond,Chalk Reserve,13.95
https://www.backcountry.com/black-diamond-liquid-black-gold-chalk,Black Diamond,Liquid Black Gold Chalk,19.95
https://www.backcountry.com/friction-labs-unicorn-dust,Friction Labs,Unicorn Dust,15.00
https://www.backcountry.com/mammut-chalk-powder,Mammut,Chalk Powder - 300 Grams,16.00
https://www.backcountry.com/mad-rock-hanger-chalk-pot,Mad Rock,Hanger Chalk Pot,44.95
https://www.backcountry.com/black-diamond-rope-marker,Black Diamond,Rope Marker,11.95
https://www.backcountry.com/black-diamond-liquid-white-gold,Black Diamond,Liquid White Gold,15.95
https://www.backcountry.com/mammut-liquid-chalk-100ml,Mammut,Liquid Sender Chalk,9.10
https://www.backcountry.com/camp-usa-block-chalk,CAMP USA,Block Chalk,2.95
https://www.backcountry.com/camp-usa-powdered-chalk,CAMP USA,Chunky Chalk,6.95
https://www.backcountry.com/mammut-chalk-ball,Mammut,Chalk Ball,9.00
https://www.backcountry.com/so-ill-holds-v16-chalk,So Ill Holds,V16 Chalk,25.00
https://www.backcountry.com/so-ill-holds-tokyo-boost-climbing-chalk,So Ill Holds,Tokyo Boost! Climbing Chalk,13.00
https://www.backcountry.com/so-ill-holds-black-label-tokyo-powder-climbing-chalk,So Ill Holds,Black Label Tokyo Powder Climbing Chalk,14.95
https://www.backcountry.com/mammut-liquid-chalk-200ml,Mammut,Liquid Chalk - 200ml,16.00
https://www.backcountry.com/send-climbing-send-candy-chalk,Send Climbing,Send Candy Chalk,17.94
https://www.backcountry.com/mammut-peppermint-100ml-liquid-chalk,Mammut,Peppermint 100ml Liquid Chalk,10.00
https://www.backcountry.com/camp-usa-liquid-chalk,CAMP USA,Liquid Chalk,9.95
https://www.backcountry.com/so-ill-holds-tokyo-rx-climbing-chalk,So Ill Holds,Tokyo RX Climbing Chalk,15.00
https://www.backcountry.com/mammut-pure-chalk-collectors-box,Mammut,Pure Chalk Collectors Box,29.95
https://www.backcountry.com/evolv-magic-climbing-hand-tape,Evolv,Magic Climbing Hand Tape,15.00
https://www.backcountry.com/so-ill-holds-white-label-tokyo-powder-climbing-chalk,So Ill Holds,Tokyo Powder Pure Climbing Chalk,14.95
https://www.backcountry.com/so-ill-holds-tokyo-v3-climbing-chalk,So Ill Holds,Tokyo V3 Climbing Chalk,15.00
https://www.backcountry.com/evolv-liquid-chalk,Evolv,Liquid Chalk,20.00
https://www.backcountry.com/camp-usa-velvet-chalk,CAMP USA,Velvet Chalk,7.95
https://www.backcountry.com/mammut-extra-fine-300g-chalk-powder,Mammut,Extra Fine 300g Chalk Powder,23.00
https://www.backcountry.com/metolius-chalk-sock,Metolius,Super Chalk Sock,3.95
https://www.backcountry.com/petzl-power-crunch-box,Petzl,Power Crunch Box,10.95
https://www.backcountry.com/trango-eurotape,Trango,Eurotape,4.99
https://www.backcountry.com/wild-country-pure-finger-tape,Wild Country,Pure Finger Tape,4.95
https://www.backcountry.com/trango-mtape,Trango,MTape,4.70
https://www.backcountry.com/so-ill-holds-strength-trainer-3-pack,So Ill Holds,Strength Trainer - 3-Pack,21.99
https://www.backcountry.com/trango-ration-capsule,Trango,Ration Capsule,14.95
https://www.backcountry.com/friction-labs-gorilla-grip,Friction Labs,Gorilla Grip,15.00
https://www.backcountry.com/friction-labs-magic-chalk-ball,Friction Labs,Magic Chalk Ball,10.00
https://www.backcountry.com/friction-labs-bam-bam,Friction Labs,Bam Bam,15.00
https://www.backcountry.com/metolius-super-chalk-eco-ball,Metolius,Super Chalk Eco Ball,4.95
https://www.backcountry.com/friction-labs-secret-stuff-hygienic-chalk,Friction Labs,Secret Stuff Hygienic Chalk,18.95
https://www.backcountry.com/metolius-climbing-tape-roll-met0342,Metolius,Climbing Tape Roll,4.95
https://www.backcountry.com/metolius-liquid-super-chalk,Metolius,Liquid Super Chalk,19.95
https://www.backcountry.com/friction-labs-secret-stuff,Friction Labs,Secret Stuff,19.00
https://www.backcountry.com/metolius-security-belt,Metolius,Security Belt,6.00
https://www.backcountry.com/metolius-rope-hook,Metolius,Rope Hook,14.95
https://www.backcountry.com/friction-labs-alcohol-free-secret-stuff,Friction Labs,Alcohol Free Secret Stuff,19.00
