Chalkbag_Link,Chalkbag_Brand,Chalkbag_Name,Chalkbag_Price,Chalkbag_Color
https://www.backcountry.com/edelrid-rodeo-chalk-bag,Edelrid,Rodeo Chalk Bag,13.17
https://www.backcountry.com/camp-usa-acqualong-chalk-bag,CAMP USA,Acqualong Chalk Bag,15.36
https://www.backcountry.com/static-waxed-canvas-chalk-bag,STATIC,Waxed Canvas Chalk Bag,34.95
https://www.backcountry.com/black-diamond-mojo-chalk-bag-kids,Black Diamond,Mojo Chalk Bag - Kids',19.95
https://www.backcountry.com/static-traveler-chalk-bag,STATIC,Traveler Chalk Bag,24.95
https://www.backcountry.com/mad-rock-bolt-chalk-bag,Mad Rock,Bolt Chalk Bag,18.95
https://www.backcountry.com/black-diamond-mojo-chalk-bag-bld00nc,Black Diamond,Mojo Chalk Bag,13.96
https://www.backcountry.com/mammut-sender-chalk-bag,Mammut,Sender Chalk Bag,20.00
https://www.backcountry.com/8bplus-chalk-bag,8BPLUS,Chalk Bag,32.90
https://www.backcountry.com/black-diamond-mojo-zip-chalk-bag,Black Diamond,Mojo Zip Chalk Bag,19.95
https://www.backcountry.com/evolv-bodega-chalk-bag,Evolv,Bodega Chalk Bag,25.00
https://www.backcountry.com/wild-country-session-chalk-bag,Wild Country,Session Chalk Bag,19.95
https://www.backcountry.com/mammut-ophir-chalk-bag,Mammut,Ophir Chalk Bag,22.00
https://www.backcountry.com/mammut-knit-chalk-bag,Mammut,Knit Chalk Bag,19.25
https://www.backcountry.com/8bplus-pro-chalk-bag,8BPLUS,Pro Chalk Bag,24.90
https://www.backcountry.com/black-diamond-mojo-chalk-bag,Black Diamond,Mojo Chalk Bag,17.95
https://www.backcountry.com/mammut-boulder-cube-chalk-bag,Mammut,Boulder Cube Chalk Bag,22.50
https://www.backcountry.com/mammut-alpine-chalk-bag,Mammut,Alpine Chalk Bag,40.00
https://www.backcountry.com/mammut-we-care-chalk-bag,Mammut,We Care Chalk Bag,25.00
https://www.backcountry.com/edelrid-splitter-twist-chalk-bag,Edelrid,Splitter Twist Chalk Bag,24.95
https://www.backcountry.com/black-diamond-gym-chalk-bag,Black Diamond,Gym Chalk Bag,24.95
https://www.backcountry.com/metolius-competition-chalkbag,Metolius,Competition Chalk Bag,14.95
https://www.backcountry.com/wild-country-flow-chalk-bag,Wild Country,Flow Chalk Bag,24.95
https://www.backcountry.com/black-diamond-repo-chalk-bag,Black Diamond,Repo Chalk Bag,23.95
https://www.backcountry.com/kavu-peak-seeker-chalk-bag,KAVU,Peak Seeker Chalk Bag,23.95
https://www.backcountry.com/static-artist-series-chalk-bag,STATIC,Artist Series Chalk Bag,34.95
https://www.backcountry.com/metolius-wildlife-comp-chalk-bag,Metolius,Wildlife Comp Chalk Bag,19.95
https://www.backcountry.com/evolv-collectors-chalk-bag,Evolv,Collectors Chalk Bag,25.00
https://www.backcountry.com/wild-country-mosquito-chalk-bag,Wild Country,Mosquito Chalk Bag,29.95
https://www.backcountry.com/metolius-access-fund-destinations-chalk-bag,Metolius,Access Fund Destinations Chalk Bag,19.95
https://www.backcountry.com/trango-40-cal-chalk-bag,Trango,Chalk Bag,14.95
https://www.backcountry.com/trango-concealed-carry-chalk-bag,Trango,Topout Chalk Bag,16.95
https://www.backcountry.com/edelrid-rodeo-tc-signature-chalk-bag,Edelrid,Rodeo TC Signature Chalk Bag,25.95
https://www.backcountry.com/edelrid-rodeo-tc-signature-chalk-bag-elrc077,Edelrid,Rodeo Chalk Bag,21.95
https://www.backcountry.com/edelrid-muffin-chalk-bag,Edelrid,Muffin Chalk Bag,17.95
https://www.backcountry.com/metolius-digi-camo-comp-chalk-bag,Metolius,Digi Camo Comp Chalk Bag,19.95
https://www.backcountry.com/dmm-trad-chalk-bag,DMM,Trad Chalk Bag,19.95
https://www.backcountry.com/black-diamond-ultralight-chalk-bag,Black Diamond,Ultralight Chalk Bag,29.95
https://www.backcountry.com/black-diamond-creek-chalk-bag,Black Diamond,Creek Chalk Bag,29.95
https://www.backcountry.com/metolius-chalk-n-roll-chalk-bag,Metolius,Chalk n' Roll Chalk Bag,34.95
https://www.backcountry.com/mammut-boulder-chalk-bag,Mammut,Boulder Chalk Bag,33.00
https://www.backcountry.com/metolius-leaf-camo-comp-chalk-bag,Metolius,Leaf Camo Comp Chalk Bag,19.95
https://www.backcountry.com/friction-labs-chalk-bag,Friction Labs,Chalk Bag,32.00
https://www.backcountry.com/edelrid-ambassador-chalk-bag,Edelrid,Ambassador Chalk Bag,21.95
https://www.backcountry.com/dmm-traction-chalk-bag,DMM,Traction Chalk Bag,18.95
https://www.backcountry.com/static-classic-chalk-bag,STATIC,Classic Chalk Bag,24.95
https://www.backcountry.com/evolv-chalk-bucket,Evolv,Chalk Bucket,40.00
https://www.backcountry.com/static-waxed-canvas-chalk-bucket,STATIC,Waxed Canvas Chalk Bucket,61.95
https://www.backcountry.com/wild-country-spotter-boulder-bag,Wild Country,Spotter Boulder Bag,34.95
https://www.backcountry.com/dmm-edge-chalk-bucket,DMM,Edge Chalk Bucket,36.95
https://www.backcountry.com/black-diamond-freerider-chalk-bag,Black Diamond,Freerider Chalk Bag,24.95
https://www.backcountry.com/evolv-super-light-chalk-bag,Evolv,Super Light Chalk Bag,25.00
https://www.backcountry.com/evolv-camo-chalk-bag,Evolv,Camo Chalk Bag,24.95
https://www.backcountry.com/static-canvas-chalk-bucket,STATIC,Canvas Chalk Bucket,51.95
https://www.backcountry.com/trango-chaos-chalk-bucket,Trango,Chaos Chalk Bucket,26.25
https://www.backcountry.com/edelrid-herkules-boulder-bag,Edelrid,Herkules Boulder Bag,29.71
https://www.backcountry.com/blue-ice-saver-chalk-bag,Blue Ice,Saver Chalk Bag,19.95
https://www.backcountry.com/blue-ice-sender-chalk-bag,Blue Ice,Sender Chalk Bag,24.95
https://www.backcountry.com/friction-labs-chalk-bucket,Friction Labs,Chalk Bucket,45.00
https://www.backcountry.com/camp-usa-chalk-pouch,CAMP USA,Chalk Pouch,4.95
https://www.backcountry.com/8bplus-boulder-bag,8BPLUS,Boulder Bag,42.90
https://www.backcountry.com/ocun-boulder-bag,Ocun,Boulder Bag,29.95
https://www.backcountry.com/ocun-boulder-bag-ocn000o,Ocun,Boulder Bag,29.95
